-- phpMyAdmin SQL Dump
-- version 4.1.8
-- http://www.phpmyadmin.net
--
-- Host: localhost
-- Generation Time: Oct 14, 2014 at 08:43 AM
-- Server version: 5.5.36-cll-lve
-- PHP Version: 5.4.23

SET SQL_MODE = "NO_AUTO_VALUE_ON_ZERO";
SET time_zone = "+00:00";


/*!40101 SET @OLD_CHARACTER_SET_CLIENT=@@CHARACTER_SET_CLIENT */;
/*!40101 SET @OLD_CHARACTER_SET_RESULTS=@@CHARACTER_SET_RESULTS */;
/*!40101 SET @OLD_COLLATION_CONNECTION=@@COLLATION_CONNECTION */;
/*!40101 SET NAMES utf8 */;

--
-- Database: `nissansurvey`
--

-- --------------------------------------------------------

--
-- Table structure for table `adminuser`
--

CREATE TABLE IF NOT EXISTS `adminuser` (
  `adminID` int(11) NOT NULL AUTO_INCREMENT,
  `email` varchar(40) NOT NULL,
  PRIMARY KEY (`adminID`)
) ENGINE=MyISAM  DEFAULT CHARSET=latin1 AUTO_INCREMENT=3 ;

--
-- Dumping data for table `adminuser`
--

INSERT INTO `adminuser` (`adminID`, `email`) VALUES
(1, 'mtholland10@gmail.com'),
(2, 'blake@sosfirm.com');

-- --------------------------------------------------------

--
-- Table structure for table `bay_ratio`
--

CREATE TABLE IF NOT EXISTS `bay_ratio` (
  `ratioID` int(11) NOT NULL AUTO_INCREMENT,
  `bay_test_ratio` decimal(4,2) NOT NULL,
  `create_date` datetime NOT NULL,
  `userID` int(11) NOT NULL,
  PRIMARY KEY (`ratioID`)
) ENGINE=InnoDB  DEFAULT CHARSET=latin1 AUTO_INCREMENT=2 ;

--
-- Dumping data for table `bay_ratio`
--

INSERT INTO `bay_ratio` (`ratioID`, `bay_test_ratio`, `create_date`, `userID`) VALUES
(1, '0.80', '2014-10-13 03:40:00', 12);

-- --------------------------------------------------------

--
-- Table structure for table `bay_volume`
--

CREATE TABLE IF NOT EXISTS `bay_volume` (
  `dealerID` int(10) NOT NULL,
  `maxvol_ebay` int(6) NOT NULL,
  `maxvol_sbay` int(6) NOT NULL,
  `create_date` datetime NOT NULL,
  `userID` int(11) NOT NULL,
  PRIMARY KEY (`dealerID`)
) ENGINE=InnoDB DEFAULT CHARSET=latin1;

--
-- Dumping data for table `bay_volume`
--

INSERT INTO `bay_volume` (`dealerID`, `maxvol_ebay`, `maxvol_sbay`, `create_date`, `userID`) VALUES
(27, 20, 5, '2014-10-10 08:00:51', 12),
(28, 22, 4, '2014-10-12 08:07:21', 12),
(29, 25, 5, '2014-10-11 07:23:49', 12),
(30, 21, 5, '2014-10-13 12:37:41', 12),
(51, 20, 5, '2014-10-10 09:17:12', 12),
(52, 25, 5, '2014-10-13 22:26:35', 12);

-- --------------------------------------------------------

--
-- Table structure for table `Customer`
--

CREATE TABLE IF NOT EXISTS `Customer` (
  `userID` int(11) NOT NULL AUTO_INCREMENT,
  `email` varchar(255) NOT NULL,
  `create_date` datetime NOT NULL,
  `password` varchar(255) NOT NULL,
  `last_name` varchar(255) NOT NULL,
  `first_name` varchar(255) NOT NULL,
  `active` tinyint(1) NOT NULL,
  PRIMARY KEY (`userID`)
) ENGINE=MyISAM  DEFAULT CHARSET=utf8 AUTO_INCREMENT=32 ;

--
-- Dumping data for table `Customer`
--

INSERT INTO `Customer` (`userID`, `email`, `create_date`, `password`, `last_name`, `first_name`, `active`) VALUES
(12, 'mtholland10@gmail.com', '2014-04-10 13:19:22', '$1$C15.TJ0.$DdENRn5NLM6CFtVnzPVnk1', 'Holland', 'Matthew', 1),
(15, 'mtholland83@yahoo.com', '2014-05-19 15:07:45', '$1$K5..xn2.$d7F99AsBOOwbq64ulsrQE1', 'Jones', 'Matt', 1),
(23, 'mholla@yahoo.com', '2014-06-11 21:13:32', '$1$3/0.KV5.$teuLKwryc5fTOLjWuIQWW1', 'Holland', 'Michael', 1),
(26, 'm1holla2@gmail.com', '2014-06-16 21:29:33', '$1$eS5.e20.$4zJJRQgJGlvA5Gma0HeuC1', 'Holland', 'Michael', 0),
(27, 'blake@sosfirm.com', '2014-06-17 13:40:50', '$1$SG3.ZG5.$7j9atnzOXw9e3HJoY1rn71', 'Price', 'Blake', 1),
(28, 'caholland@gmail.com', '2014-06-17 17:46:58', '$1$qp4.gq0.$IiEhi3PCeMDntYNa9VayZ1', 'Holland', 'Cynthia', 0),
(29, 'mholla@bs.com', '2014-09-16 19:46:20', '$1$8Ed4FSkV$tIgZT0FTV1YLBpuXytY3R.', 'Hollandia', 'Matt', 1),
(30, 'a@apple.com', '2014-09-16 20:17:29', '$1$426u68yn$CnFTQyPA6cMhqIvb6L7KO0', 'Wombrose', 'Andrea', 0),
(31, 'Bob@comcast.net', '2014-09-16 20:19:09', '$1$sUFDv3lb$RuiBM7G.1hmiDEtN.rWPR/', 'Wiley', 'Bob', 0);

-- --------------------------------------------------------

--
-- Table structure for table `dealer`
--

CREATE TABLE IF NOT EXISTS `dealer` (
  `dealerID` int(10) NOT NULL AUTO_INCREMENT,
  `dealercode` varchar(15) NOT NULL,
  `dealername` varchar(50) NOT NULL,
  `dealerstate` varchar(2) NOT NULL,
  `regionID` int(5) NOT NULL,
  PRIMARY KEY (`dealerID`),
  KEY `dealercode` (`dealercode`)
) ENGINE=MyISAM  DEFAULT CHARSET=latin1 AUTO_INCREMENT=60 ;

--
-- Dumping data for table `dealer`
--

INSERT INTO `dealer` (`dealerID`, `dealercode`, `dealername`, `dealerstate`, `regionID`) VALUES
(28, '22222', 'Nissan Westpoint', 'AR', 4),
(27, '11111', 'Nissan of Beverly	', 'CA', 5),
(29, '33333', 'Nissan of LR', 'CA', 2),
(30, '44444', 'Nissan Baton Rouge', 'AR', 1),
(31, '88888', 'Midwest Nissan', 'AR', 5),
(37, '66666', 'Nissan of KC', 'HI', 3),
(40, '55555', 'Nissan of Atlanta', 'GA', 4),
(39, '99999', 'Nissan Santa Cruz', 'AK', 5),
(42, '10000', 'Crystal Nissan', 'AK', 4),
(43, '20000', 'Ouachita Nissan', 'AL', 4),
(44, '30000', 'Nissan of Hamilton', 'TX', 1),
(45, '40000', 'Mark''s Nissan', 'OK', 1),
(46, '50000', 'Gwatney Nissan', 'OK', 2),
(47, '60000', 'Holland''s Nissan', 'AZ', 5),
(48, '70000', 'Nissan of Boston', 'DE', 3),
(49, '80000', 'Western Nissan', 'CA', 5),
(50, '90000', 'Northpoint Nissan', 'ID', 5),
(54, '10004', 'Boulder Nissan', 'CO', 5),
(51, '10001', 'Western Nissan', 'CO', 5),
(52, '10002', 'Jones Nissan', 'VA', 1),
(53, '10003', 'Southpoint Nissan LTD', 'FL', 4),
(55, '10005', 'Nissan of Redfield', 'AR', 1),
(56, '10006', 'Nissan of Phoenix', 'AZ', 5),
(57, '10007', 'Nissan of Maine', 'MA', 3),
(58, '10008', 'Nissan of Baton Rouge', 'LA', 4),
(59, '10009', 'Nissan of Southfork', 'IA', 2);

-- --------------------------------------------------------

--
-- Table structure for table `dealerregion`
--

CREATE TABLE IF NOT EXISTS `dealerregion` (
  `regionID` int(5) NOT NULL AUTO_INCREMENT,
  `region` varchar(20) NOT NULL,
  PRIMARY KEY (`regionID`)
) ENGINE=MyISAM  DEFAULT CHARSET=latin1 AUTO_INCREMENT=6 ;

--
-- Dumping data for table `dealerregion`
--

INSERT INTO `dealerregion` (`regionID`, `region`) VALUES
(1, 'Central'),
(2, 'Midwest'),
(3, 'Northeast'),
(4, 'Southeast'),
(5, 'West');

-- --------------------------------------------------------

--
-- Table structure for table `express_effect`
--

CREATE TABLE IF NOT EXISTS `express_effect` (
  `dealerID` int(11) NOT NULL,
  `monthly_ros` int(5) NOT NULL,
  `days_week` int(2) NOT NULL,
  `hrs_ebay` int(2) NOT NULL,
  `hrs_sbay` int(2) NOT NULL,
  `total_bays` int(4) NOT NULL,
  `total_ebays` int(4) NOT NULL,
  `create_date` datetime NOT NULL,
  `userID` int(11) NOT NULL,
  PRIMARY KEY (`dealerID`)
) ENGINE=InnoDB DEFAULT CHARSET=latin1;

--
-- Dumping data for table `express_effect`
--

INSERT INTO `express_effect` (`dealerID`, `monthly_ros`, `days_week`, `hrs_ebay`, `hrs_sbay`, `total_bays`, `total_ebays`, `create_date`, `userID`) VALUES
(27, 1200, 7, 7, 7, 22, 1, '2014-10-13 11:18:43', 12),
(28, 1600, 6, 8, 8, 23, 1, '2014-10-12 08:26:51', 12),
(29, 1300, 6, 8, 8, 20, 1, '2014-10-11 07:23:49', 12),
(30, 1215, 6, 8, 7, 21, 2, '2014-10-13 12:40:24', 12),
(51, 1300, 6, 8, 8, 20, 1, '2014-10-10 09:17:12', 12),
(52, 0, 0, 0, 0, 0, 0, '2014-10-13 22:26:35', 12);

-- --------------------------------------------------------

--
-- Table structure for table `file`
--

CREATE TABLE IF NOT EXISTS `file` (
  `id` int(11) NOT NULL AUTO_INCREMENT,
  `name` varchar(255) NOT NULL DEFAULT '''untitled.txt''',
  `mime` varchar(100) NOT NULL,
  `size` bigint(20) NOT NULL DEFAULT '0',
  `data` mediumblob NOT NULL,
  `created` datetime NOT NULL,
  PRIMARY KEY (`id`)
) ENGINE=InnoDB  DEFAULT CHARSET=latin1 AUTO_INCREMENT=43 ;

-- --------------------------------------------------------

--
-- Table structure for table `mileagespread`
--

CREATE TABLE IF NOT EXISTS `mileagespread` (
  `mileagespreadID` smallint(2) NOT NULL,
  `carmileage` varchar(10) DEFAULT NULL,
  PRIMARY KEY (`mileagespreadID`)
) ENGINE=MyISAM DEFAULT CHARSET=latin1;

--
-- Dumping data for table `mileagespread`
--

INSERT INTO `mileagespread` (`mileagespreadID`, `carmileage`) VALUES
(1, '0 - 5k'),
(2, '5 - 15k'),
(3, '15 - 30k'),
(4, '30 - 45k'),
(5, '45 - 60k'),
(6, '60 - 75k'),
(7, '75 - 90k'),
(8, '90k plus');

-- --------------------------------------------------------

--
-- Table structure for table `repairorder`
--

CREATE TABLE IF NOT EXISTS `repairorder` (
  `roID` int(10) NOT NULL AUTO_INCREMENT,
  `ronumber` int(10) DEFAULT NULL,
  `yearmodelID` smallint(2) DEFAULT NULL,
  `mileagespreadID` smallint(2) DEFAULT NULL,
  `singleissue` smallint(1) DEFAULT NULL,
  `labor` decimal(10,2) DEFAULT NULL,
  `parts` decimal(10,2) DEFAULT NULL,
  `dealerID` int(10) DEFAULT NULL,
  `create_date` datetime NOT NULL,
  `userID` int(11) NOT NULL,
  `comment` varchar(200) DEFAULT NULL,
  PRIMARY KEY (`roID`),
  KEY `dealerID` (`dealerID`),
  KEY `ronumber` (`ronumber`)
) ENGINE=MyISAM  DEFAULT CHARSET=latin1 AUTO_INCREMENT=1072 ;

--
-- Dumping data for table `repairorder`
--

INSERT INTO `repairorder` (`roID`, `ronumber`, `yearmodelID`, `mileagespreadID`, `singleissue`, `labor`, `parts`, `dealerID`, `create_date`, `userID`, `comment`) VALUES
(977, 10, 9, 2, 1, '12.00', '15.00', 27, '2014-08-20 13:12:21', 12, ''),
(975, 8, 4, 7, 1, '14.00', '24.00', 27, '2014-08-20 13:09:45', 12, ''),
(976, 9, 4, 4, 0, '0.00', '0.00', 27, '2014-08-20 13:11:16', 12, ''),
(974, 7, 4, 5, 0, '10.00', '13.00', 27, '2014-08-20 13:09:03', 12, ''),
(972, 6, 4, 4, 1, '12.00', '15.00', 30, '2014-08-19 12:38:33', 12, 'Test 3'),
(973, 6, 2, 3, 1, '12.00', '30.00', 27, '2014-08-20 13:08:13', 12, 'Z'),
(971, 1, 10, 8, 0, '10.00', '20.00', 40, '2014-08-18 12:46:41', 12, 'First dealer entry'),
(970, 5, 10, 5, 1, '20.00', '25.00', 30, '2014-08-12 14:03:25', 12, 'Z'),
(968, 3, 3, 7, 0, '13.00', '25.00', 30, '2014-08-12 13:56:54', 12, 'Z rebuilt'),
(969, 4, 6, 3, 1, '12.00', '15.00', 30, '2014-08-12 14:03:04', 12, 'Test'),
(967, 2, 2, 5, 1, '15.00', '20.00', 30, '2014-08-12 13:56:27', 12, 'Z'),
(965, 1, 2, 2, 0, '10.00', '15.00', 29, '2014-08-12 09:05:49', 12, 'Test'),
(966, 1, 1, 1, 0, '10.00', '15.00', 30, '2014-08-12 13:56:10', 12, 'Pathfinder'),
(954, 5, 3, 3, 0, '0.00', '0.00', 28, '2014-08-01 21:58:40', 12, 'fix message problems'),
(953, 4, 2, 5, 0, '35.00', '50.00', 27, '2014-08-19 14:28:12', 12, 'Overhaul needed'),
(964, 7, 1, 8, 0, '15.00', '30.00', 28, '2014-08-20 08:45:23', 12, 'Any difference?'),
(948, 1, 8, 7, 0, '13.00', '23.00', 28, '2014-07-31 09:58:50', 12, 'Weaver'),
(963, 6, 7, 6, 0, '14.00', '20.00', 28, '2014-08-07 13:19:40', 12, 'No difference'),
(938, 5, 5, 5, 0, '15.00', '2.00', 27, '2014-08-19 14:24:25', 12, 'Pathfinder sport'),
(920, 2, 2, 2, 0, '0.00', '0.00', 28, '2014-08-01 14:54:07', 12, 'Thanks'),
(909, 3, 3, 2, 1, '30.00', '45.00', 27, '2014-08-14 07:40:44', 12, 'Juke II'),
(935, 3, 2, 3, 1, '0.00', '0.00', 28, '2014-07-30 20:51:01', 12, 'test msgs'),
(907, 1, 6, 7, 0, '26.00', '30.00', 27, '2014-08-15 11:01:00', 12, 'Z'),
(908, 2, 1, 3, 1, '15.00', '25.00', 27, '2014-07-23 13:23:26', 12, 'Fixed'),
(921, 4, 2, 4, 0, '20.00', '30.00', 28, '2014-08-18 19:28:42', 12, 'Test successful'),
(978, 11, 6, 7, 1, '12.00', '15.00', 27, '2014-08-20 13:12:41', 12, ''),
(979, 12, 6, 4, 0, '20.00', '34.00', 27, '2014-08-20 13:13:00', 12, ''),
(980, 13, 4, 2, 0, '10.00', '15.00', 27, '2014-08-20 13:13:17', 12, ''),
(981, 14, 9, 2, 1, '12.00', '40.00', 27, '2014-08-20 13:13:45', 12, ''),
(982, 15, 2, 3, 1, '15.00', '20.00', 27, '2014-08-20 13:14:00', 12, ''),
(983, 16, 3, 5, 1, '12.00', '20.00', 27, '2014-08-20 13:14:13', 12, ''),
(984, 17, 3, 3, 0, '20.00', '22.00', 27, '2014-08-20 13:15:12', 12, ''),
(985, 8, 8, 6, 0, '10.00', '14.00', 28, '2014-08-20 13:16:07', 12, 'Test'),
(986, 9, 5, 3, 0, '13.00', '23.00', 28, '2014-08-20 13:16:23', 12, ''),
(987, 10, 3, 3, 1, '10.00', '22.00', 28, '2014-08-20 13:16:36', 12, ''),
(988, 11, 3, 5, 1, '12.00', '14.00', 28, '2014-08-20 13:17:03', 12, 'Pathfinder'),
(989, 12, 6, 7, 0, '23.00', '30.00', 28, '2014-08-20 13:17:26', 12, 'Z'),
(990, 13, 5, 3, 1, '15.00', '20.00', 28, '2014-08-20 13:18:09', 12, 'Z'),
(991, 14, 6, 1, 1, '12.00', '24.00', 28, '2014-08-20 13:18:35', 12, 'Altima'),
(992, 15, 9, 8, 1, '12.00', '15.00', 28, '2014-09-15 21:50:37', 12, 'Altima Limited'),
(993, 16, 10, 7, 0, '10.00', '24.00', 28, '2014-08-20 13:19:36', 12, 'Pathfinder'),
(994, 17, 4, 5, 1, '12.00', '21.00', 28, '2014-08-20 13:19:55', 12, 'Altima'),
(995, 19, 2, 5, 0, '10.00', '15.00', 28, '2014-08-20 15:09:06', 12, 'Z Turbo'),
(996, 2, 7, 5, 1, '13.00', '15.00', 29, '2014-08-20 13:20:39', 12, 'Pathfinder'),
(997, 3, 4, 4, 0, '13.00', '20.00', 29, '2014-08-20 13:20:54', 12, 'Z'),
(998, 4, 2, 3, 1, '10.00', '23.00', 29, '2014-08-20 13:21:16', 12, 'Z'),
(999, 5, 3, 4, 0, '11.00', '20.00', 29, '2014-08-20 13:21:41', 12, 'Altima - revisit'),
(1000, 6, 4, 6, 1, '11.00', '21.00', 29, '2014-08-20 13:22:11', 12, 'Pathfinder sport'),
(1001, 7, 3, 6, 0, '12.00', '24.00', 29, '2014-08-20 13:22:36', 12, 'Z'),
(1002, 8, 3, 4, 1, '24.00', '30.00', 29, '2014-08-20 13:22:54', 12, ''),
(1003, 9, 7, 5, 0, '11.00', '17.00', 29, '2014-08-20 13:23:19', 12, 'Revisit'),
(1004, 10, 4, 6, 1, '23.00', '30.00', 29, '2014-08-20 13:23:44', 12, 'No added services?'),
(1005, 11, 2, 2, 0, '24.00', '15.00', 29, '2014-08-20 13:24:15', 12, 'Revisit 3/21'),
(1006, 12, 4, 6, 0, '12.00', '34.00', 29, '2014-08-20 13:24:37', 12, 'Altima sport'),
(1007, 13, 9, 8, 1, '11.00', '12.00', 29, '2014-08-20 13:24:54', 12, 'Z'),
(1008, 14, 4, 4, 1, '34.00', '12.00', 29, '2014-08-20 13:25:11', 12, ''),
(1009, 15, 6, 4, 0, '12.00', '14.00', 29, '2014-08-20 13:26:11', 12, 'Z'),
(1010, 7, 7, 2, 0, '13.00', '15.00', 30, '2014-08-20 13:26:35', 12, 'Z'),
(1011, 8, 3, 6, 1, '12.00', '15.00', 30, '2014-08-20 13:53:38', 12, 'Z\r\n'),
(1012, 9, 4, 3, 0, '12.00', '24.00', 30, '2014-08-20 13:27:14', 12, 'Altima'),
(1013, 10, 2, 5, 0, '12.00', '34.00', 30, '2014-08-20 13:27:37', 12, 'Z - Needs revisiting'),
(1014, 2, 1, 3, 0, '12.00', '24.00', 40, '2014-08-20 13:27:59', 12, 'Z'),
(1015, 3, 4, 5, 0, '12.00', '15.00', 40, '2014-08-20 13:28:18', 12, 'Z turbo'),
(1016, 4, 7, 6, 1, '10.00', '12.00', 40, '2014-08-20 13:28:32', 12, ''),
(1017, 5, 5, 2, 0, '10.00', '12.00', 40, '2014-08-20 13:28:49', 12, 'Z'),
(1018, 456, 4, 3, 0, '25.00', '45.00', 28, '2014-08-20 15:15:37', 12, 'Diesel'),
(1019, 6, 2, 3, 0, '10.00', '12.00', 40, '2014-08-21 11:31:40', 12, 'Pathfinder'),
(1020, 7, 1, 3, 1, '0.00', '0.00', 40, '2014-08-21 11:31:51', 12, ''),
(1021, 8, 5, 5, 0, '10.00', '15.00', 40, '2014-08-21 11:32:55', 12, 'Completed?'),
(1022, 9, 6, 7, 0, '12.00', '14.00', 40, '2014-08-21 11:33:19', 12, 'Completion: two days'),
(1023, 10, 8, 6, 0, '12.00', '23.00', 40, '2014-08-21 11:35:00', 12, 'Competed 3/21'),
(1026, 16, 1, 1, 0, '0.00', '0.00', 29, '2014-09-12 14:09:18', 12, ''),
(1027, 20, 1, 1, 0, '0.00', '0.00', 28, '2014-09-12 15:02:17', 12, ''),
(1031, 23, 1, 1, 0, '12.00', '4.00', 28, '2014-09-12 22:59:21', 12, 'B'),
(1032, 24, 1, 1, 0, '0.00', '0.00', 28, '2014-09-12 23:00:26', 12, ''),
(1033, 25, 1, 1, 0, '0.00', '0.00', 28, '2014-09-12 22:59:57', 12, ''),
(1034, 26, 1, 1, 0, '0.00', '0.00', 28, '2014-09-12 23:41:59', 12, ''),
(1038, 30, 1, 1, 0, '0.00', '0.00', 28, '2014-09-13 00:08:46', 12, ''),
(1051, 43, 1, 1, 0, '0.00', '0.00', 28, '2014-09-13 13:57:26', 12, ''),
(1053, 45, 1, 1, 0, '0.00', '0.00', 28, '2014-09-13 08:36:20', 12, ''),
(1054, 46, 1, 1, 0, '0.00', '0.00', 28, '2014-09-13 08:39:16', 12, ''),
(1055, 47, 1, 1, 0, '0.00', '0.00', 28, '2014-09-13 08:55:40', 12, ''),
(1056, 48, 1, 1, 0, '0.00', '0.00', 28, '2014-09-13 10:22:51', 12, ''),
(1057, 49, 1, 1, 0, '0.00', '0.00', 28, '2014-09-13 10:27:51', 12, ''),
(1058, 50, 1, 1, 0, '0.00', '0.00', 28, '2014-09-13 10:29:01', 12, ''),
(1060, 52, 1, 1, 0, '0.00', '0.00', 28, '2014-09-13 14:42:48', 12, ''),
(1064, 56, 1, 1, 0, '0.00', '0.00', 28, '2014-09-13 10:59:46', 12, ''),
(1065, 57, 1, 1, 0, '0.00', '0.00', 28, '2014-09-17 07:05:10', 12, 'Testing'),
(1068, 18, 6, 6, 0, '11.00', '21.00', 27, '2014-09-29 12:31:41', 12, 'Success'),
(1069, 19, 8, 4, 1, '10.00', '20.00', 27, '2014-09-29 12:36:10', 12, 'Green?'),
(1070, 20, 1, 7, 1, '30.00', '45.00', 27, '2014-09-29 12:40:18', 12, 'Success'),
(1071, 58, 3, 4, 1, '12.00', '20.00', 28, '2014-09-29 14:34:49', 12, '');

-- --------------------------------------------------------

--
-- Table structure for table `resetPassword`
--

CREATE TABLE IF NOT EXISTS `resetPassword` (
  `id` int(11) NOT NULL AUTO_INCREMENT,
  `email_id` int(11) NOT NULL,
  `pass_key` varchar(255) NOT NULL,
  `date_created` datetime NOT NULL,
  `status` varchar(255) NOT NULL,
  PRIMARY KEY (`id`)
) ENGINE=MyISAM  DEFAULT CHARSET=utf8 AUTO_INCREMENT=52 ;

--
-- Dumping data for table `resetPassword`
--

INSERT INTO `resetPassword` (`id`, `email_id`, `pass_key`, `date_created`, `status`) VALUES
(27, 12, '538646aa74f421.48334226', '2014-05-28 13:28:00', 'A'),
(28, 12, '5386472b34efe8.30307246', '2014-05-28 13:30:09', 'A'),
(29, 12, '538647c3e352b7.23576108', '2014-05-28 13:32:42', 'A'),
(30, 12, '538648afe135a4.04641700', '2014-05-28 13:36:38', 'A'),
(31, 12, '538650ebbac7b5.17843277', '2014-05-28 14:11:46', 'A'),
(32, 12, '538651d4db8438.20396171', '2014-05-28 14:15:39', 'A'),
(33, 12, '538651fb3ab444.72460103', '2014-05-28 14:16:17', 'A'),
(34, 12, '53874f64c29616.53810995', '2014-05-29 08:17:32', 'A'),
(35, 0, '538e1a847a70c7.69250989', '2014-06-03 11:57:56', 'A'),
(36, 12, '538e1dff8aa434.19218276', '2014-06-03 12:12:47', 'A'),
(37, 12, '538f8089832a83.61966764', '2014-06-04 13:25:31', 'A'),
(38, 12, '538f8b32f34cd3.51238291', '2014-06-04 14:11:01', 'A'),
(39, 12, '538f8bd6103624.09886243', '2014-06-04 14:13:44', 'A'),
(40, 12, '538f8e7ac8e2e3.95069080', '2014-06-04 14:25:00', 'A'),
(41, 15, '5399b38b84ea14.23038834', '2014-06-12 07:06:02', 'A'),
(42, 12, '53a9dbe55622a9.74253028', '2014-06-24 13:13:25', 'A'),
(43, 12, '53a9e14e8349b6.82570513', '2014-06-24 13:36:30', 'A'),
(44, 12, '53a9e3d40041c8.86130916', '2014-06-24 13:47:16', 'A'),
(45, 12, '53a9e45abf2fe0.32689382', '2014-06-24 13:49:31', 'A'),
(46, 12, '53a9ee0ba6a2c6.10926445', '2014-06-24 14:30:52', 'A'),
(47, 12, '53ab0e38e1a8f1.13184575', '2014-06-25 11:00:25', 'A'),
(48, 12, '53b9e600283ad0.85145959', '2014-07-06 17:12:48', 'A'),
(49, 12, '53bd85ef5dd778.27237899', '2014-07-09 11:11:59', 'A'),
(50, 12, '53d3f6edc2f850.08800984', '2014-07-26 11:43:58', 'A'),
(51, 12, '53f3c296cd2b30.68066237', '2014-08-19 14:33:11', 'A');

-- --------------------------------------------------------

--
-- Table structure for table `servicerendered`
--

CREATE TABLE IF NOT EXISTS `servicerendered` (
  `servicerenderedID` int(10) NOT NULL AUTO_INCREMENT,
  `ronumber` int(10) DEFAULT NULL,
  `singleissue` smallint(1) DEFAULT NULL,
  `serviceID` smallint(2) DEFAULT NULL,
  `addsvc` int(1) DEFAULT NULL,
  `dealerID` int(10) DEFAULT NULL,
  `create_date` datetime NOT NULL,
  `userID` int(11) NOT NULL,
  PRIMARY KEY (`servicerenderedID`),
  KEY `ronumber` (`ronumber`),
  KEY `dealerID` (`dealerID`)
) ENGINE=MyISAM  DEFAULT CHARSET=latin1 AUTO_INCREMENT=2824 ;

--
-- Dumping data for table `servicerendered`
--

INSERT INTO `servicerendered` (`servicerenderedID`, `ronumber`, `singleissue`, `serviceID`, `addsvc`, `dealerID`, `create_date`, `userID`) VALUES
(2472, 11, 1, 26, 0, 27, '2014-08-20 13:12:41', 12),
(2471, 11, 1, 15, 0, 27, '2014-08-20 13:12:41', 12),
(2470, 10, 1, 11, 0, 27, '2014-08-20 13:12:21', 12),
(2469, 9, 0, 3, 0, 27, '2014-08-20 13:11:16', 12),
(2468, 9, 0, 1, 0, 27, '2014-08-20 13:11:16', 12),
(2467, 8, 1, 1, 0, 27, '2014-08-20 13:09:45', 12),
(2466, 7, 0, 27, 0, 27, '2014-08-20 13:09:03', 12),
(2465, 7, 0, 3, 0, 27, '2014-08-20 13:09:03', 12),
(2464, 7, 0, 1, 0, 27, '2014-08-20 13:09:03', 12),
(2463, 6, 1, 11, 0, 27, '2014-08-20 13:08:13', 12),
(2462, 7, 0, 18, 0, 28, '2014-08-20 08:45:23', 12),
(2457, 5, 0, 2, 0, 27, '2014-08-19 14:24:25', 15),
(2455, 6, 1, 1, 0, 30, '2014-08-19 12:38:33', 12),
(2452, 1, 0, 13, 1, 40, '2014-08-18 12:46:41', 12),
(2451, 1, 0, 4, 0, 40, '2014-08-18 12:46:41', 12),
(2461, 7, 0, 8, 1, 28, '2014-08-20 08:45:23', 12),
(2442, 5, 1, 8, 0, 30, '2014-08-12 14:03:25', 12),
(2441, 4, 1, 13, 0, 30, '2014-08-12 14:03:04', 12),
(2440, 3, 0, 27, 0, 30, '2014-08-12 13:56:54', 12),
(2439, 3, 0, 14, 1, 30, '2014-08-12 13:56:54', 12),
(2436, 1, 0, 21, 0, 30, '2014-08-12 13:56:10', 12),
(2435, 1, 0, 11, 1, 30, '2014-08-12 13:56:10', 12),
(2454, 4, 0, 19, 0, 28, '2014-08-18 19:28:42', 12),
(2422, 5, 0, 15, 0, 28, '2014-08-01 21:58:40', 12),
(2434, 1, 0, 7, 0, 29, '2014-08-12 09:05:49', 12),
(2438, 3, 0, 3, 0, 30, '2014-08-12 13:56:54', 12),
(2437, 2, 1, 3, 0, 30, '2014-08-12 13:56:27', 12),
(2421, 5, 0, 11, 0, 28, '2014-08-01 21:58:40', 12),
(2433, 1, 0, 1, 0, 29, '2014-08-12 09:05:49', 12),
(2430, 6, 0, 15, 0, 28, '2014-08-07 13:19:40', 12),
(2459, 4, 0, 13, 1, 27, '2014-08-19 14:28:12', 12),
(2406, 3, 1, 18, 0, 28, '2014-07-30 20:51:01', 12),
(2458, 4, 0, 4, 0, 27, '2014-08-19 14:28:12', 12),
(2460, 7, 0, 1, 0, 28, '2014-08-20 08:45:23', 12),
(2420, 5, 0, 3, 1, 28, '2014-08-01 21:58:40', 12),
(2410, 1, 0, 2, 0, 28, '2014-07-31 09:58:50', 12),
(2405, 3, 1, 1, 1, 28, '2014-07-30 20:51:01', 12),
(2409, 1, 0, 1, 1, 28, '2014-07-31 09:58:50', 12),
(2453, 4, 0, 2, 1, 28, '2014-08-18 19:28:42', 12),
(2448, 1, 0, 27, 0, 27, '2014-08-15 11:01:00', 27),
(2446, 3, 1, 12, 0, 27, '2014-08-14 07:40:44', 27),
(2140, 2, 1, 8, 0, 27, '2014-07-23 13:23:26', 12),
(2485, 11, 1, 1, 1, 28, '2014-08-20 13:17:03', 12),
(2484, 10, 1, 14, 0, 28, '2014-08-20 13:16:36', 12),
(2483, 9, 0, 27, 0, 28, '2014-08-20 13:16:23', 12),
(2482, 8, 0, 27, 0, 28, '2014-08-20 13:16:07', 12),
(2481, 8, 0, 26, 0, 28, '2014-08-20 13:16:07', 12),
(2480, 17, 0, 27, 0, 27, '2014-08-20 13:15:12', 12),
(2479, 17, 0, 16, 0, 27, '2014-08-20 13:15:12', 12),
(2478, 16, 1, 27, 0, 27, '2014-08-20 13:14:13', 12),
(2477, 15, 1, 27, 0, 27, '2014-08-20 13:14:00', 12),
(2476, 14, 1, 6, 0, 27, '2014-08-20 13:13:45', 12),
(2475, 13, 0, 18, 0, 27, '2014-08-20 13:13:17', 12),
(2474, 12, 0, 27, 0, 27, '2014-08-20 13:13:00', 12),
(2473, 12, 0, 14, 0, 27, '2014-08-20 13:13:00', 12),
(2447, 1, 0, 4, 1, 27, '2014-08-15 11:01:00', 27),
(2419, 2, 0, 12, 0, 28, '2014-08-01 14:54:07', 12),
(2429, 6, 0, 3, 0, 28, '2014-08-07 13:19:40', 12),
(2418, 2, 0, 4, 0, 28, '2014-08-01 14:54:07', 12),
(2486, 11, 1, 26, 0, 28, '2014-08-20 13:17:03', 12),
(2487, 12, 0, 21, 0, 28, '2014-08-20 13:17:26', 12),
(2488, 12, 0, 26, 0, 28, '2014-08-20 13:17:26', 12),
(2489, 13, 1, 6, 0, 28, '2014-08-20 13:18:09', 12),
(2490, 13, 1, 26, 0, 28, '2014-08-20 13:18:09', 12),
(2491, 14, 1, 19, 0, 28, '2014-08-20 13:18:35', 12),
(2492, 14, 1, 26, 0, 28, '2014-08-20 13:18:35', 12),
(2652, 15, 1, 24, 0, 28, '2014-09-15 21:50:37', 12),
(2495, 16, 0, 11, 1, 28, '2014-08-20 13:19:36', 12),
(2496, 16, 0, 24, 0, 28, '2014-08-20 13:19:36', 12),
(2497, 16, 0, 27, 0, 28, '2014-08-20 13:19:36', 12),
(2498, 17, 1, 19, 0, 28, '2014-08-20 13:19:55', 12),
(2499, 17, 1, 26, 0, 28, '2014-08-20 13:19:55', 12),
(2549, 19, 0, 27, 0, 28, '2014-08-20 15:09:06', 12),
(2548, 19, 0, 15, 1, 28, '2014-08-20 15:09:06', 12),
(2547, 19, 0, 8, 0, 28, '2014-08-20 15:09:06', 12),
(2503, 2, 1, 1, 0, 29, '2014-08-20 13:20:39', 12),
(2504, 2, 1, 27, 0, 29, '2014-08-20 13:20:39', 12),
(2505, 3, 0, 13, 0, 29, '2014-08-20 13:20:54', 12),
(2506, 3, 0, 21, 0, 29, '2014-08-20 13:20:54', 12),
(2507, 4, 1, 1, 0, 29, '2014-08-20 13:21:16', 12),
(2508, 5, 0, 11, 0, 29, '2014-08-20 13:21:41', 12),
(2509, 5, 0, 22, 1, 29, '2014-08-20 13:21:41', 12),
(2510, 5, 0, 26, 0, 29, '2014-08-20 13:21:41', 12),
(2511, 6, 1, 26, 0, 29, '2014-08-20 13:22:11', 12),
(2512, 7, 0, 8, 0, 29, '2014-08-20 13:22:36', 12),
(2513, 7, 0, 16, 0, 29, '2014-08-20 13:22:36', 12),
(2514, 8, 1, 7, 0, 29, '2014-08-20 13:22:54', 12),
(2515, 9, 0, 3, 0, 29, '2014-08-20 13:23:19', 12),
(2516, 9, 0, 15, 0, 29, '2014-08-20 13:23:19', 12),
(2517, 9, 0, 27, 0, 29, '2014-08-20 13:23:19', 12),
(2518, 10, 1, 27, 0, 29, '2014-08-20 13:23:44', 12),
(2519, 11, 0, 4, 0, 29, '2014-08-20 13:24:15', 12),
(2520, 11, 0, 12, 0, 29, '2014-08-20 13:24:15', 12),
(2521, 11, 0, 27, 0, 29, '2014-08-20 13:24:15', 12),
(2522, 12, 0, 7, 0, 29, '2014-08-20 13:24:37', 12),
(2523, 12, 0, 26, 0, 29, '2014-08-20 13:24:37', 12),
(2524, 13, 1, 26, 0, 29, '2014-08-20 13:24:54', 12),
(2525, 14, 1, 1, 0, 29, '2014-08-20 13:25:11', 12),
(2526, 15, 0, 1, 0, 29, '2014-08-20 13:26:11', 12),
(2527, 15, 0, 19, 0, 29, '2014-08-20 13:26:11', 12),
(2528, 15, 0, 27, 0, 29, '2014-08-20 13:26:11', 12),
(2529, 7, 0, 14, 0, 30, '2014-08-20 13:26:35', 12),
(2530, 7, 0, 27, 0, 30, '2014-08-20 13:26:35', 12),
(2546, 8, 1, 1, 0, 30, '2014-08-20 13:53:38', 12),
(2532, 9, 0, 13, 0, 30, '2014-08-20 13:27:14', 12),
(2533, 9, 0, 26, 0, 30, '2014-08-20 13:27:14', 12),
(2534, 10, 0, 7, 0, 30, '2014-08-20 13:27:37', 12),
(2535, 10, 0, 11, 1, 30, '2014-08-20 13:27:37', 12),
(2536, 10, 0, 27, 0, 30, '2014-08-20 13:27:37', 12),
(2537, 2, 0, 1, 0, 40, '2014-08-20 13:27:59', 12),
(2538, 2, 0, 13, 0, 40, '2014-08-20 13:27:59', 12),
(2539, 2, 0, 26, 0, 40, '2014-08-20 13:27:59', 12),
(2540, 3, 0, 8, 0, 40, '2014-08-20 13:28:18', 12),
(2541, 3, 0, 14, 0, 40, '2014-08-20 13:28:18', 12),
(2542, 3, 0, 27, 0, 40, '2014-08-20 13:28:18', 12),
(2543, 4, 1, 1, 0, 40, '2014-08-20 13:28:32', 12),
(2544, 5, 0, 7, 0, 40, '2014-08-20 13:28:49', 12),
(2545, 5, 0, 27, 0, 40, '2014-08-20 13:28:49', 12),
(2550, 456, 0, 1, 0, 28, '2014-08-20 15:15:37', 12),
(2551, 456, 0, 11, 0, 28, '2014-08-20 15:15:37', 12),
(2552, 6, 0, 12, 0, 40, '2014-08-21 11:31:40', 12),
(2553, 6, 0, 27, 0, 40, '2014-08-21 11:31:40', 12),
(2554, 7, 1, 1, 0, 40, '2014-08-21 11:31:51', 12),
(2555, 8, 0, 4, 0, 40, '2014-08-21 11:32:55', 12),
(2556, 8, 0, 22, 1, 40, '2014-08-21 11:32:55', 12),
(2557, 9, 0, 18, 0, 40, '2014-08-21 11:33:19', 12),
(2558, 9, 0, 26, 0, 40, '2014-08-21 11:33:19', 12),
(2559, 10, 0, 1, 0, 40, '2014-08-21 11:35:00', 12),
(2560, 10, 0, 15, 0, 40, '2014-08-21 11:35:00', 12),
(2561, 10, 0, 27, 0, 40, '2014-08-21 11:35:00', 12),
(2565, 16, 0, 1, 1, 29, '2014-09-12 14:09:18', 12),
(2566, 20, 0, 1, 0, 28, '2014-09-12 15:02:17', 12),
(2645, 52, 0, 12, 0, 28, '2014-09-13 14:42:48', 12),
(2576, 23, 0, 5, 0, 28, '2014-09-12 22:59:21', 12),
(2575, 23, 0, 3, 0, 28, '2014-09-12 22:59:21', 12),
(2574, 23, 0, 1, 1, 28, '2014-09-12 22:59:21', 12),
(2579, 24, 0, 1, 1, 28, '2014-09-12 23:00:26', 12),
(2577, 23, 0, 13, 0, 28, '2014-09-12 22:59:21', 12),
(2578, 25, 0, 1, 0, 28, '2014-09-12 22:59:57', 12),
(2580, 24, 0, 2, 0, 28, '2014-09-12 23:00:26', 12),
(2581, 26, 0, 1, 0, 28, '2014-09-12 23:41:59', 12),
(2585, 30, 0, 2, 0, 28, '2014-09-13 00:08:46', 12),
(2636, 43, 0, 1, 1, 28, '2014-09-13 13:57:26', 12),
(2603, 45, 0, 1, 0, 28, '2014-09-13 08:36:20', 12),
(2604, 45, 0, 2, 0, 28, '2014-09-13 08:36:20', 12),
(2605, 46, 0, 1, 1, 28, '2014-09-13 08:39:16', 12),
(2606, 46, 0, 2, 1, 28, '2014-09-13 08:39:16', 12),
(2607, 47, 0, 2, 1, 28, '2014-09-13 08:55:40', 12),
(2608, 48, 0, 1, 0, 28, '2014-09-13 10:22:51', 12),
(2609, 48, 0, 2, 0, 28, '2014-09-13 10:22:51', 12),
(2610, 49, 0, 1, 0, 28, '2014-09-13 10:27:51', 12),
(2611, 49, 0, 2, 0, 28, '2014-09-13 10:27:51', 12),
(2612, 50, 0, 2, 1, 28, '2014-09-13 10:29:01', 12),
(2644, 52, 0, 2, 1, 28, '2014-09-13 14:42:48', 12),
(2643, 52, 0, 1, 0, 28, '2014-09-13 14:42:48', 12),
(2616, 56, 0, 1, 1, 28, '2014-09-13 10:59:46', 12),
(2617, 56, 0, 2, 1, 28, '2014-09-13 10:59:46', 12),
(2637, 43, 0, 6, 0, 28, '2014-09-13 13:57:26', 12),
(2792, 57, 0, 1, 0, 28, '2014-09-17 07:05:10', 12),
(2823, 58, 1, 1, 0, 28, '2014-09-29 14:34:49', 12),
(2822, 20, 1, 25, 0, 27, '2014-09-29 12:40:18', 12),
(2821, 20, 1, 12, 0, 27, '2014-09-29 12:40:18', 12),
(2818, 19, 1, 1, 0, 27, '2014-09-29 12:36:10', 12),
(2817, 18, 0, 21, 0, 27, '2014-09-29 12:31:41', 12),
(2816, 18, 0, 11, 0, 27, '2014-09-29 12:31:41', 12),
(2793, 57, 0, 27, 0, 28, '2014-09-17 07:05:10', 12);

-- --------------------------------------------------------

--
-- Table structure for table `services`
--

CREATE TABLE IF NOT EXISTS `services` (
  `serviceID` smallint(2) NOT NULL,
  `servicesort` smallint(3) NOT NULL,
  `servicedescription` varchar(40) DEFAULT NULL,
  `servicelevel` smallint(2) DEFAULT NULL,
  PRIMARY KEY (`serviceID`)
) ENGINE=MyISAM DEFAULT CHARSET=latin1;

--
-- Dumping data for table `services`
--

INSERT INTO `services` (`serviceID`, `servicesort`, `servicedescription`, `servicelevel`) VALUES
(1, 1, 'LOF', 1),
(2, 2, 'Rotate Tires', 1),
(3, 3, 'Wipers', 1),
(4, 4, 'Bulbs', 1),
(6, 5, 'Air Filter', 1),
(7, 6, 'Cab Filter', 1),
(8, 7, 'Battery', 1),
(5, 8, 'Other', 1),
(11, 9, 'Replace Tires', 2),
(12, 10, 'Tire Repair', 2),
(13, 11, 'Tire Balance', 2),
(14, 12, 'Wheel Alignment', 2),
(15, 13, 'Drive Belt', 2),
(16, 14, 'Brake Pads & Rotors', 2),
(18, 15, 'Trans-Diff Fluid', 2),
(19, 16, 'Coolant', 2),
(24, 17, 'Other Wear Mtn', 2),
(22, 18, 'All Flushes', 2),
(21, 19, 'Spark Plugs', 2),
(25, 20, 'State Inspection', 2),
(26, 21, 'CP Repair-Diag', 3),
(27, 22, 'Warranty', 3);

-- --------------------------------------------------------

--
-- Table structure for table `yearmodel`
--

CREATE TABLE IF NOT EXISTS `yearmodel` (
  `yearmodelID` smallint(2) NOT NULL,
  `modelyear` varchar(15) DEFAULT NULL,
  PRIMARY KEY (`yearmodelID`)
) ENGINE=MyISAM DEFAULT CHARSET=latin1;

--
-- Dumping data for table `yearmodel`
--

INSERT INTO `yearmodel` (`yearmodelID`, `modelyear`) VALUES
(1, '2014'),
(2, '2013'),
(3, '2012'),
(4, '2011'),
(5, '2010'),
(6, '2009'),
(7, '2008'),
(8, '2007'),
(9, '2006'),
(10, '2005+');

/*!40101 SET CHARACTER_SET_CLIENT=@OLD_CHARACTER_SET_CLIENT */;
/*!40101 SET CHARACTER_SET_RESULTS=@OLD_CHARACTER_SET_RESULTS */;
/*!40101 SET COLLATION_CONNECTION=@OLD_COLLATION_CONNECTION */;
